,TraPPE Methane,TraPPE Pentane,TraPPE Benzene,OPLS-AA Ethanol,SPC/E Water
LAMMPS,536743.5537731947,537739.1201412209,388924.22364089265,31409.503929307408,57176.38530082049
HOOMD-blue,536736.470216157,537737.484007284,388939.009526007,31409.6389750015,57176.1610373271
GROMACS,536736.4375,537737.1875,388939.125,31409.1484375,57175.91796875
MCCCS-MN,536736.674114428,537737.7927811133,388939.0095806981,31409.519802548064,57175.42275162585
GOMC,536736.5543672631,537737.3919505652,388939.0510802308,31409.560442760474,57175.433263516505
Cassandra,536737.28,537738.4,388939.82,31409.469,57175.778
