,TraPPE Methane,TraPPE Pentane,TraPPE Benzene,OPLS-AA Ethanol,SPC/E Water
LAMMPS,536743.5537731947,537739.1201406015,388924.2235790427,19408.270670300964,76663.71351238873
HOOMD-blue,536736.470216156,537737.484000041,388939.009526006,19363.9493078645,76663.7606760111
GROMACS,536736.4426574707,537737.1640167236,388939.1318054199,19408.18956375122,76663.54983520508
MCCCS-MN,536736.674114428,537737.7927810473,388939.0095188476,19408.405387095594,76664.19828867125
GOMC,536736.5537761048,537737.3814809944,388939.0511858245,22407.883079025178,76663.76717582422
Cassandra,536737.28026,537738.40139,388939.82103,19408.114324000002,76663.84352
