,TraPPE Methane,TraPPE Pentane,TraPPE Benzene,OPLS-AA Ethanol,SPC/E Water
LAMMPS,536743.5537731947,537739.1201406015,388924.2235790427,19408.270670300964,76663.71351238873
HOOMD-blue,536736.470216156,537737.484000041,388939.009526007,19363.9493078645,76663.7606760111
GROMACS,536736.4426574707,537737.1640167236,388939.1318054199,19408.18956375122,76663.54983520508
MCCCS-MN,536733.2784306995,537734.3907637058,388936.5488823201,19408.2825991261,76663.71326988413
GOMC,536864.7833282579,537918.4892979516,389189.60989132803,22825.758862083207,76939.41837932877
Cassandra,536737.28026,537738.40139,388939.82103,19408.114324000002,76663.84352
